{"position":{"x":-9.278457641601563,"y":-15.12205696105957,"z":0.0},"currentLevel":"The Level"}