{"position":{"x":0.9009965062141419,"y":-18.1220645904541,"z":0.0},"currentLevel":"The Level"}